Average SNR,Loudness,Room,Drone,Speaker Distance,Mic Distance,Throttle,Microphone,Drone with Source Path,Source only Path,Drone only Path
-3.39,speaker-loudness-90db,room1,drone1,speaker-dist-1m,mic-dist-50cm,throttle-low,mic3_8array-up,speaker-loudness-90db/room1/drone1/speaker-dist-1m/mic-dist-50cm/throttle-low/mic3_8array-up,speaker-loudness-90db/room1/speaker-dist-1m/mic-dist-50cm/mic3_8array-up,drone1-only/mic-dist-50cm/throttle-low/mic3_8array-up
-4.24,speaker-loudness-90db,room1,drone1,speaker-dist-3m,mic-dist-50cm,throttle-low,mic3_8array-up,speaker-loudness-90db/room1/drone1/speaker-dist-3m/mic-dist-50cm/throttle-low/mic3_8array-up,speaker-loudness-90db/room1/speaker-dist-3m/mic-dist-50cm/mic3_8array-up,drone1-only/mic-dist-50cm/throttle-low/mic3_8array-up
-4.37,speaker-loudness-90db,room1,drone1,speaker-dist-5m,mic-dist-50cm,throttle-low,mic3_8array-up,speaker-loudness-90db/room1/drone1/speaker-dist-5m/mic-dist-50cm/throttle-low/mic3_8array-up,speaker-loudness-90db/room1/speaker-dist-5m/mic-dist-50cm/mic3_8array-up,drone1-only/mic-dist-50cm/throttle-low/mic3_8array-up
-4.48,speaker-loudness-90db,room1,drone1,speaker-dist-1m,mic-dist-50cm,throttle-low,mic1_soundskrit,speaker-loudness-90db/room1/drone1/speaker-dist-1m/mic-dist-50cm/throttle-low/mic1_soundskrit,speaker-loudness-90db/room1/speaker-dist-1m/mic-dist-50cm/mic1_soundskrit,drone1-only/mic-dist-50cm/throttle-low/mic1_soundskrit
-4.96,speaker-loudness-90db,room1,drone1,speaker-dist-3m,mic-dist-50cm,throttle-low,mic1_soundskrit,speaker-loudness-90db/room1/drone1/speaker-dist-3m/mic-dist-50cm/throttle-low/mic1_soundskrit,speaker-loudness-90db/room1/speaker-dist-3m/mic-dist-50cm/mic1_soundskrit,drone1-only/mic-dist-50cm/throttle-low/mic1_soundskrit
-5.48,speaker-loudness-90db,room1,drone1,speaker-dist-1m,mic-dist-25cm,throttle-low,mic3_8array-up,speaker-loudness-90db/room1/drone1/speaker-dist-1m/mic-dist-25cm/throttle-low/mic3_8array-up,speaker-loudness-90db/room1/speaker-dist-1m/mic-dist-25cm/mic3_8array-up,drone1-only/mic-dist-25cm/throttle-low/mic3_8array-up
-6.02,speaker-loudness-90db,room1,drone1,speaker-dist-5m,mic-dist-50cm,throttle-low,mic1_soundskrit,speaker-loudness-90db/room1/drone1/speaker-dist-5m/mic-dist-50cm/throttle-low/mic1_soundskrit,speaker-loudness-90db/room1/speaker-dist-5m/mic-dist-50cm/mic1_soundskrit,drone1-only/mic-dist-50cm/throttle-low/mic1_soundskrit
-6.07,speaker-loudness-90db,room2,drone1,speaker-dist-3m,mic-dist-50cm,throttle-low,mic3_8array-up,speaker-loudness-90db/room2/drone1/speaker-dist-3m/mic-dist-50cm/throttle-low/mic3_8array-up,speaker-loudness-90db/room2/speaker-dist-3m/mic-dist-50cm/mic3_8array-up,drone1-only/mic-dist-50cm/throttle-low/mic3_8array-up
-7.29,speaker-loudness-90db,room1,drone1,speaker-dist-3m,mic-dist-25cm,throttle-low,mic3_8array-up,speaker-loudness-90db/room1/drone1/speaker-dist-3m/mic-dist-25cm/throttle-low/mic3_8array-up,speaker-loudness-90db/room1/speaker-dist-3m/mic-dist-25cm/mic3_8array-up,drone1-only/mic-dist-25cm/throttle-low/mic3_8array-up
-7.5,speaker-loudness-90db,room2,drone1,speaker-dist-3m,mic-dist-50cm,throttle-low,mic1_soundskrit,speaker-loudness-90db/room2/drone1/speaker-dist-3m/mic-dist-50cm/throttle-low/mic1_soundskrit,speaker-loudness-90db/room2/speaker-dist-3m/mic-dist-50cm/mic1_soundskrit,drone1-only/mic-dist-50cm/throttle-low/mic1_soundskrit
-7.62,speaker-loudness-90db,room1,drone1,speaker-dist-5m,mic-dist-25cm,throttle-low,mic3_8array-up,speaker-loudness-90db/room1/drone1/speaker-dist-5m/mic-dist-25cm/throttle-low/mic3_8array-up,speaker-loudness-90db/room1/speaker-dist-5m/mic-dist-25cm/mic3_8array-up,drone1-only/mic-dist-25cm/throttle-low/mic3_8array-up
-8.69,speaker-loudness-90db,room1,drone1,speaker-dist-1m,mic-dist-25cm,throttle-low,mic1_soundskrit,speaker-loudness-90db/room1/drone1/speaker-dist-1m/mic-dist-25cm/throttle-low/mic1_soundskrit,speaker-loudness-90db/room1/speaker-dist-1m/mic-dist-25cm/mic1_soundskrit,drone1-only/mic-dist-25cm/throttle-low/mic1_soundskrit
-9.33,speaker-loudness-90db,room2,drone1,speaker-dist-9m,mic-dist-50cm,throttle-low,mic3_8array-up,speaker-loudness-90db/room2/drone1/speaker-dist-9m/mic-dist-50cm/throttle-low/mic3_8array-up,speaker-loudness-90db/room2/speaker-dist-9m/mic-dist-50cm/mic3_8array-up,drone1-only/mic-dist-50cm/throttle-low/mic3_8array-up
-9.88,speaker-loudness-90db,room1,drone1,speaker-dist-1m,mic-dist-25cm,throttle-low,mic2_8array-down,speaker-loudness-90db/room1/drone1/speaker-dist-1m/mic-dist-25cm/throttle-low/mic2_8array-down,speaker-loudness-90db/room1/speaker-dist-1m/mic-dist-25cm/mic2_8array-down,drone1-only/mic-dist-25cm/throttle-low/mic2_8array-down
-9.89,speaker-loudness-90db,room2,drone1,speaker-dist-6m,mic-dist-50cm,throttle-low,mic3_8array-up,speaker-loudness-90db/room2/drone1/speaker-dist-6m/mic-dist-50cm/throttle-low/mic3_8array-up,speaker-loudness-90db/room2/speaker-dist-6m/mic-dist-50cm/mic3_8array-up,drone1-only/mic-dist-50cm/throttle-low/mic3_8array-up
-10.64,speaker-loudness-90db,room1,drone1,speaker-dist-3m,mic-dist-25cm,throttle-low,mic1_soundskrit,speaker-loudness-90db/room1/drone1/speaker-dist-3m/mic-dist-25cm/throttle-low/mic1_soundskrit,speaker-loudness-90db/room1/speaker-dist-3m/mic-dist-25cm/mic1_soundskrit,drone1-only/mic-dist-25cm/throttle-low/mic1_soundskrit
-10.66,speaker-loudness-90db,room1,drone1,speaker-dist-5m,mic-dist-25cm,throttle-low,mic1_soundskrit,speaker-loudness-90db/room1/drone1/speaker-dist-5m/mic-dist-25cm/throttle-low/mic1_soundskrit,speaker-loudness-90db/room1/speaker-dist-5m/mic-dist-25cm/mic1_soundskrit,drone1-only/mic-dist-25cm/throttle-low/mic1_soundskrit
-11.32,speaker-loudness-90db,room2,drone1,speaker-dist-3m,mic-dist-25cm,throttle-low,mic3_8array-up,speaker-loudness-90db/room2/drone1/speaker-dist-3m/mic-dist-25cm/throttle-low/mic3_8array-up,speaker-loudness-90db/room2/speaker-dist-3m/mic-dist-25cm/mic3_8array-up,drone1-only/mic-dist-25cm/throttle-low/mic3_8array-up
-11.66,speaker-loudness-90db,room2,drone1,speaker-dist-9m,mic-dist-50cm,throttle-low,mic1_soundskrit,speaker-loudness-90db/room2/drone1/speaker-dist-9m/mic-dist-50cm/throttle-low/mic1_soundskrit,speaker-loudness-90db/room2/speaker-dist-9m/mic-dist-50cm/mic1_soundskrit,drone1-only/mic-dist-50cm/throttle-low/mic1_soundskrit
-11.89,speaker-loudness-90db,room2,drone1,speaker-dist-6m,mic-dist-50cm,throttle-low,mic1_soundskrit,speaker-loudness-90db/room2/drone1/speaker-dist-6m/mic-dist-50cm/throttle-low/mic1_soundskrit,speaker-loudness-90db/room2/speaker-dist-6m/mic-dist-50cm/mic1_soundskrit,drone1-only/mic-dist-50cm/throttle-low/mic1_soundskrit
-12.47,speaker-loudness-90db,room1,drone1,speaker-dist-3m,mic-dist-25cm,throttle-low,mic2_8array-down,speaker-loudness-90db/room1/drone1/speaker-dist-3m/mic-dist-25cm/throttle-low/mic2_8array-down,speaker-loudness-90db/room1/speaker-dist-3m/mic-dist-25cm/mic2_8array-down,drone1-only/mic-dist-25cm/throttle-low/mic2_8array-down
-12.78,speaker-loudness-90db,room1,drone1,speaker-dist-5m,mic-dist-25cm,throttle-low,mic2_8array-down,speaker-loudness-90db/room1/drone1/speaker-dist-5m/mic-dist-25cm/throttle-low/mic2_8array-down,speaker-loudness-90db/room1/speaker-dist-5m/mic-dist-25cm/mic2_8array-down,drone1-only/mic-dist-25cm/throttle-low/mic2_8array-down
-13.1,speaker-loudness-90db,room1,drone1,speaker-dist-1m,mic-dist-50cm,throttle-low,mic2_8array-down,speaker-loudness-90db/room1/drone1/speaker-dist-1m/mic-dist-50cm/throttle-low/mic2_8array-down,speaker-loudness-90db/room1/speaker-dist-1m/mic-dist-50cm/mic2_8array-down,drone1-only/mic-dist-50cm/throttle-low/mic2_8array-down
-13.39,speaker-loudness-90db,room1,drone1,speaker-dist-1m,mic-dist-50cm,throttle-high,mic3_8array-up,speaker-loudness-90db/room1/drone1/speaker-dist-1m/mic-dist-50cm/throttle-high/mic3_8array-up,speaker-loudness-90db/room1/speaker-dist-1m/mic-dist-50cm/mic3_8array-up,drone1-only/mic-dist-50cm/throttle-high/mic3_8array-up
-14.23,speaker-loudness-90db,room2,drone1,speaker-dist-6m,mic-dist-25cm,throttle-low,mic3_8array-up,speaker-loudness-90db/room2/drone1/speaker-dist-6m/mic-dist-25cm/throttle-low/mic3_8array-up,speaker-loudness-90db/room2/speaker-dist-6m/mic-dist-25cm/mic3_8array-up,drone1-only/mic-dist-25cm/throttle-low/mic3_8array-up
-14.24,speaker-loudness-90db,room1,drone1,speaker-dist-3m,mic-dist-50cm,throttle-high,mic3_8array-up,speaker-loudness-90db/room1/drone1/speaker-dist-3m/mic-dist-50cm/throttle-high/mic3_8array-up,speaker-loudness-90db/room1/speaker-dist-3m/mic-dist-50cm/mic3_8array-up,drone1-only/mic-dist-50cm/throttle-high/mic3_8array-up
-14.38,speaker-loudness-90db,room1,drone1,speaker-dist-5m,mic-dist-50cm,throttle-high,mic3_8array-up,speaker-loudness-90db/room1/drone1/speaker-dist-5m/mic-dist-50cm/throttle-high/mic3_8array-up,speaker-loudness-90db/room1/speaker-dist-5m/mic-dist-50cm/mic3_8array-up,drone1-only/mic-dist-50cm/throttle-high/mic3_8array-up
-14.88,speaker-loudness-90db,room2,drone1,speaker-dist-9m,mic-dist-25cm,throttle-low,mic3_8array-up,speaker-loudness-90db/room2/drone1/speaker-dist-9m/mic-dist-25cm/throttle-low/mic3_8array-up,speaker-loudness-90db/room2/speaker-dist-9m/mic-dist-25cm/mic3_8array-up,drone1-only/mic-dist-25cm/throttle-low/mic3_8array-up
-14.99,speaker-loudness-90db,room1,drone1,speaker-dist-3m,mic-dist-50cm,throttle-low,mic2_8array-down,speaker-loudness-90db/room1/drone1/speaker-dist-3m/mic-dist-50cm/throttle-low/mic2_8array-down,speaker-loudness-90db/room1/speaker-dist-3m/mic-dist-50cm/mic2_8array-down,drone1-only/mic-dist-50cm/throttle-low/mic2_8array-down
-15.08,speaker-loudness-90db,room1,drone1,speaker-dist-1m,mic-dist-50cm,throttle-high,mic1_soundskrit,speaker-loudness-90db/room1/drone1/speaker-dist-1m/mic-dist-50cm/throttle-high/mic1_soundskrit,speaker-loudness-90db/room1/speaker-dist-1m/mic-dist-50cm/mic1_soundskrit,drone1-only/mic-dist-50cm/throttle-high/mic1_soundskrit
-15.26,speaker-loudness-90db,room1,drone1,speaker-dist-5m,mic-dist-50cm,throttle-low,mic2_8array-down,speaker-loudness-90db/room1/drone1/speaker-dist-5m/mic-dist-50cm/throttle-low/mic2_8array-down,speaker-loudness-90db/room1/speaker-dist-5m/mic-dist-50cm/mic2_8array-down,drone1-only/mic-dist-50cm/throttle-low/mic2_8array-down
-15.31,speaker-loudness-90db,room2,drone1,speaker-dist-3m,mic-dist-25cm,throttle-low,mic1_soundskrit,speaker-loudness-90db/room2/drone1/speaker-dist-3m/mic-dist-25cm/throttle-low/mic1_soundskrit,speaker-loudness-90db/room2/speaker-dist-3m/mic-dist-25cm/mic1_soundskrit,drone1-only/mic-dist-25cm/throttle-low/mic1_soundskrit
-15.56,speaker-loudness-90db,room1,drone1,speaker-dist-3m,mic-dist-50cm,throttle-high,mic1_soundskrit,speaker-loudness-90db/room1/drone1/speaker-dist-3m/mic-dist-50cm/throttle-high/mic1_soundskrit,speaker-loudness-90db/room1/speaker-dist-3m/mic-dist-50cm/mic1_soundskrit,drone1-only/mic-dist-50cm/throttle-high/mic1_soundskrit
-15.71,speaker-loudness-90db,room1,drone1,speaker-dist-1m,mic-dist-25cm,throttle-high,mic3_8array-up,speaker-loudness-90db/room1/drone1/speaker-dist-1m/mic-dist-25cm/throttle-high/mic3_8array-up,speaker-loudness-90db/room1/speaker-dist-1m/mic-dist-25cm/mic3_8array-up,drone1-only/mic-dist-25cm/throttle-high/mic3_8array-up
-16.08,speaker-loudness-90db,room2,drone1,speaker-dist-3m,mic-dist-50cm,throttle-high,mic3_8array-up,speaker-loudness-90db/room2/drone1/speaker-dist-3m/mic-dist-50cm/throttle-high/mic3_8array-up,speaker-loudness-90db/room2/speaker-dist-3m/mic-dist-50cm/mic3_8array-up,drone1-only/mic-dist-50cm/throttle-high/mic3_8array-up
-16.3,speaker-loudness-90db,room2,drone1,speaker-dist-3m,mic-dist-25cm,throttle-low,mic2_8array-down,speaker-loudness-90db/room2/drone1/speaker-dist-3m/mic-dist-25cm/throttle-low/mic2_8array-down,speaker-loudness-90db/room2/speaker-dist-3m/mic-dist-25cm/mic2_8array-down,drone1-only/mic-dist-25cm/throttle-low/mic2_8array-down
-16.62,speaker-loudness-90db,room1,drone1,speaker-dist-5m,mic-dist-50cm,throttle-high,mic1_soundskrit,speaker-loudness-90db/room1/drone1/speaker-dist-5m/mic-dist-50cm/throttle-high/mic1_soundskrit,speaker-loudness-90db/room1/speaker-dist-5m/mic-dist-50cm/mic1_soundskrit,drone1-only/mic-dist-50cm/throttle-high/mic1_soundskrit
-16.66,speaker-loudness-90db,room2,drone1,speaker-dist-3m,mic-dist-50cm,throttle-low,mic2_8array-down,speaker-loudness-90db/room2/drone1/speaker-dist-3m/mic-dist-50cm/throttle-low/mic2_8array-down,speaker-loudness-90db/room2/speaker-dist-3m/mic-dist-50cm/mic2_8array-down,drone1-only/mic-dist-50cm/throttle-low/mic2_8array-down
-17.52,speaker-loudness-90db,room1,drone1,speaker-dist-3m,mic-dist-25cm,throttle-high,mic3_8array-up,speaker-loudness-90db/room1/drone1/speaker-dist-3m/mic-dist-25cm/throttle-high/mic3_8array-up,speaker-loudness-90db/room1/speaker-dist-3m/mic-dist-25cm/mic3_8array-up,drone1-only/mic-dist-25cm/throttle-high/mic3_8array-up
-17.53,speaker-loudness-90db,room2,drone1,speaker-dist-6m,mic-dist-25cm,throttle-low,mic1_soundskrit,speaker-loudness-90db/room2/drone1/speaker-dist-6m/mic-dist-25cm/throttle-low/mic1_soundskrit,speaker-loudness-90db/room2/speaker-dist-6m/mic-dist-25cm/mic1_soundskrit,drone1-only/mic-dist-25cm/throttle-low/mic1_soundskrit
-17.85,speaker-loudness-90db,room1,drone1,speaker-dist-5m,mic-dist-25cm,throttle-high,mic3_8array-up,speaker-loudness-90db/room1/drone1/speaker-dist-5m/mic-dist-25cm/throttle-high/mic3_8array-up,speaker-loudness-90db/room1/speaker-dist-5m/mic-dist-25cm/mic3_8array-up,drone1-only/mic-dist-25cm/throttle-high/mic3_8array-up
-18.09,speaker-loudness-90db,room2,drone1,speaker-dist-3m,mic-dist-50cm,throttle-high,mic1_soundskrit,speaker-loudness-90db/room2/drone1/speaker-dist-3m/mic-dist-50cm/throttle-high/mic1_soundskrit,speaker-loudness-90db/room2/speaker-dist-3m/mic-dist-50cm/mic1_soundskrit,drone1-only/mic-dist-50cm/throttle-high/mic1_soundskrit
-18.81,speaker-loudness-90db,room2,drone1,speaker-dist-9m,mic-dist-25cm,throttle-low,mic1_soundskrit,speaker-loudness-90db/room2/drone1/speaker-dist-9m/mic-dist-25cm/throttle-low/mic1_soundskrit,speaker-loudness-90db/room2/speaker-dist-9m/mic-dist-25cm/mic1_soundskrit,drone1-only/mic-dist-25cm/throttle-low/mic1_soundskrit
-19.0,speaker-loudness-90db,room1,drone1,speaker-dist-1m,mic-dist-25cm,throttle-high,mic1_soundskrit,speaker-loudness-90db/room1/drone1/speaker-dist-1m/mic-dist-25cm/throttle-high/mic1_soundskrit,speaker-loudness-90db/room1/speaker-dist-1m/mic-dist-25cm/mic1_soundskrit,drone1-only/mic-dist-25cm/throttle-high/mic1_soundskrit
-19.27,speaker-loudness-90db,room2,drone1,speaker-dist-6m,mic-dist-25cm,throttle-low,mic2_8array-down,speaker-loudness-90db/room2/drone1/speaker-dist-6m/mic-dist-25cm/throttle-low/mic2_8array-down,speaker-loudness-90db/room2/speaker-dist-6m/mic-dist-25cm/mic2_8array-down,drone1-only/mic-dist-25cm/throttle-low/mic2_8array-down
-19.34,speaker-loudness-90db,room2,drone1,speaker-dist-9m,mic-dist-50cm,throttle-high,mic3_8array-up,speaker-loudness-90db/room2/drone1/speaker-dist-9m/mic-dist-50cm/throttle-high/mic3_8array-up,speaker-loudness-90db/room2/speaker-dist-9m/mic-dist-50cm/mic3_8array-up,drone1-only/mic-dist-50cm/throttle-high/mic3_8array-up
-19.48,speaker-loudness-60db,room2,drone1,speaker-dist-3m,mic-dist-50cm,throttle-low,mic3_8array-up,speaker-loudness-60db/room2/drone1/speaker-dist-3m/mic-dist-50cm/throttle-low/mic3_8array-up,speaker-loudness-60db/room2/speaker-dist-3m/mic-dist-50cm/mic3_8array-up,drone1-only/mic-dist-50cm/throttle-low/mic3_8array-up
-19.61,speaker-loudness-90db,room2,drone1,speaker-dist-9m,mic-dist-25cm,throttle-low,mic2_8array-down,speaker-loudness-90db/room2/drone1/speaker-dist-9m/mic-dist-25cm/throttle-low/mic2_8array-down,speaker-loudness-90db/room2/speaker-dist-9m/mic-dist-25cm/mic2_8array-down,drone1-only/mic-dist-25cm/throttle-low/mic2_8array-down
-19.8,speaker-loudness-90db,room2,drone1,speaker-dist-9m,mic-dist-50cm,throttle-low,mic2_8array-down,speaker-loudness-90db/room2/drone1/speaker-dist-9m/mic-dist-50cm/throttle-low/mic2_8array-down,speaker-loudness-90db/room2/speaker-dist-9m/mic-dist-50cm/mic2_8array-down,drone1-only/mic-dist-50cm/throttle-low/mic2_8array-down
-19.89,speaker-loudness-90db,room2,drone1,speaker-dist-6m,mic-dist-50cm,throttle-high,mic3_8array-up,speaker-loudness-90db/room2/drone1/speaker-dist-6m/mic-dist-50cm/throttle-high/mic3_8array-up,speaker-loudness-90db/room2/speaker-dist-6m/mic-dist-50cm/mic3_8array-up,drone1-only/mic-dist-50cm/throttle-high/mic3_8array-up
-19.99,speaker-loudness-90db,room2,drone1,speaker-dist-6m,mic-dist-50cm,throttle-low,mic2_8array-down,speaker-loudness-90db/room2/drone1/speaker-dist-6m/mic-dist-50cm/throttle-low/mic2_8array-down,speaker-loudness-90db/room2/speaker-dist-6m/mic-dist-50cm/mic2_8array-down,drone1-only/mic-dist-50cm/throttle-low/mic2_8array-down
-20.96,speaker-loudness-90db,room1,drone1,speaker-dist-3m,mic-dist-25cm,throttle-high,mic1_soundskrit,speaker-loudness-90db/room1/drone1/speaker-dist-3m/mic-dist-25cm/throttle-high/mic1_soundskrit,speaker-loudness-90db/room1/speaker-dist-3m/mic-dist-25cm/mic1_soundskrit,drone1-only/mic-dist-25cm/throttle-high/mic1_soundskrit
-20.98,speaker-loudness-90db,room1,drone1,speaker-dist-5m,mic-dist-25cm,throttle-high,mic1_soundskrit,speaker-loudness-90db/room1/drone1/speaker-dist-5m/mic-dist-25cm/throttle-high/mic1_soundskrit,speaker-loudness-90db/room1/speaker-dist-5m/mic-dist-25cm/mic1_soundskrit,drone1-only/mic-dist-25cm/throttle-high/mic1_soundskrit
-21.16,speaker-loudness-60db,room2,drone1,speaker-dist-6m,mic-dist-50cm,throttle-low,mic3_8array-up,speaker-loudness-60db/room2/drone1/speaker-dist-6m/mic-dist-50cm/throttle-low/mic3_8array-up,speaker-loudness-60db/room2/speaker-dist-6m/mic-dist-50cm/mic3_8array-up,drone1-only/mic-dist-50cm/throttle-low/mic3_8array-up
-21.22,speaker-loudness-60db,room2,drone1,speaker-dist-9m,mic-dist-50cm,throttle-low,mic3_8array-up,speaker-loudness-60db/room2/drone1/speaker-dist-9m/mic-dist-50cm/throttle-low/mic3_8array-up,speaker-loudness-60db/room2/speaker-dist-9m/mic-dist-50cm/mic3_8array-up,drone1-only/mic-dist-50cm/throttle-low/mic3_8array-up
-21.55,speaker-loudness-90db,room2,drone1,speaker-dist-3m,mic-dist-25cm,throttle-high,mic3_8array-up,speaker-loudness-90db/room2/drone1/speaker-dist-3m/mic-dist-25cm/throttle-high/mic3_8array-up,speaker-loudness-90db/room2/speaker-dist-3m/mic-dist-25cm/mic3_8array-up,drone1-only/mic-dist-25cm/throttle-high/mic3_8array-up
-22.25,speaker-loudness-90db,room2,drone1,speaker-dist-9m,mic-dist-50cm,throttle-high,mic1_soundskrit,speaker-loudness-90db/room2/drone1/speaker-dist-9m/mic-dist-50cm/throttle-high/mic1_soundskrit,speaker-loudness-90db/room2/speaker-dist-9m/mic-dist-50cm/mic1_soundskrit,drone1-only/mic-dist-50cm/throttle-high/mic1_soundskrit
-22.48,speaker-loudness-90db,room2,drone1,speaker-dist-6m,mic-dist-50cm,throttle-high,mic1_soundskrit,speaker-loudness-90db/room2/drone1/speaker-dist-6m/mic-dist-50cm/throttle-high/mic1_soundskrit,speaker-loudness-90db/room2/speaker-dist-6m/mic-dist-50cm/mic1_soundskrit,drone1-only/mic-dist-50cm/throttle-high/mic1_soundskrit
-22.79,speaker-loudness-90db,room1,drone1,speaker-dist-1m,mic-dist-25cm,throttle-high,mic2_8array-down,speaker-loudness-90db/room1/drone1/speaker-dist-1m/mic-dist-25cm/throttle-high/mic2_8array-down,speaker-loudness-90db/room1/speaker-dist-1m/mic-dist-25cm/mic2_8array-down,drone1-only/mic-dist-25cm/throttle-high/mic2_8array-down
-24.14,speaker-loudness-90db,room1,drone1,speaker-dist-1m,mic-dist-50cm,throttle-high,mic2_8array-down,speaker-loudness-90db/room1/drone1/speaker-dist-1m/mic-dist-50cm/throttle-high/mic2_8array-down,speaker-loudness-90db/room1/speaker-dist-1m/mic-dist-50cm/mic2_8array-down,drone1-only/mic-dist-50cm/throttle-high/mic2_8array-down
-24.19,speaker-loudness-60db,room1,drone2,speaker-dist-1m,mic-dist-50cm,throttle-low,mic3_8array-up,speaker-loudness-60db/room1/drone2/speaker-dist-1m/mic-dist-50cm/throttle-low/mic3_8array-up,speaker-loudness-60db/room1/speaker-dist-1m/mic-dist-50cm/mic3_8array-up,drone2-only/mic-dist-50cm/throttle-low/mic3_8array-up
-24.38,speaker-loudness-60db,room1,drone1,speaker-dist-1m,mic-dist-50cm,throttle-low,mic3_8array-up,speaker-loudness-60db/room1/drone1/speaker-dist-1m/mic-dist-50cm/throttle-low/mic3_8array-up,speaker-loudness-60db/room1/speaker-dist-1m/mic-dist-50cm/mic3_8array-up,drone1-only/mic-dist-50cm/throttle-low/mic3_8array-up
-24.46,speaker-loudness-90db,room2,drone1,speaker-dist-6m,mic-dist-25cm,throttle-high,mic3_8array-up,speaker-loudness-90db/room2/drone1/speaker-dist-6m/mic-dist-25cm/throttle-high/mic3_8array-up,speaker-loudness-90db/room2/speaker-dist-6m/mic-dist-25cm/mic3_8array-up,drone1-only/mic-dist-25cm/throttle-high/mic3_8array-up
-25.08,speaker-loudness-60db,room1,drone2,speaker-dist-3m,mic-dist-50cm,throttle-low,mic3_8array-up,speaker-loudness-60db/room1/drone2/speaker-dist-3m/mic-dist-50cm/throttle-low/mic3_8array-up,speaker-loudness-60db/room1/speaker-dist-3m/mic-dist-50cm/mic3_8array-up,drone2-only/mic-dist-50cm/throttle-low/mic3_8array-up
-25.1,speaker-loudness-60db,room2,drone1,speaker-dist-3m,mic-dist-25cm,throttle-low,mic3_8array-up,speaker-loudness-60db/room2/drone1/speaker-dist-3m/mic-dist-25cm/throttle-low/mic3_8array-up,speaker-loudness-60db/room2/speaker-dist-3m/mic-dist-25cm/mic3_8array-up,drone1-only/mic-dist-25cm/throttle-low/mic3_8array-up
-25.1,speaker-loudness-90db,room2,drone1,speaker-dist-9m,mic-dist-25cm,throttle-high,mic3_8array-up,speaker-loudness-90db/room2/drone1/speaker-dist-9m/mic-dist-25cm/throttle-high/mic3_8array-up,speaker-loudness-90db/room2/speaker-dist-9m/mic-dist-25cm/mic3_8array-up,drone1-only/mic-dist-25cm/throttle-high/mic3_8array-up
-25.28,speaker-loudness-60db,room1,drone1,speaker-dist-3m,mic-dist-50cm,throttle-low,mic3_8array-up,speaker-loudness-60db/room1/drone1/speaker-dist-3m/mic-dist-50cm/throttle-low/mic3_8array-up,speaker-loudness-60db/room1/speaker-dist-3m/mic-dist-50cm/mic3_8array-up,drone1-only/mic-dist-50cm/throttle-low/mic3_8array-up
-25.28,speaker-loudness-60db,room1,drone2,speaker-dist-5m,mic-dist-50cm,throttle-low,mic3_8array-up,speaker-loudness-60db/room1/drone2/speaker-dist-5m/mic-dist-50cm/throttle-low/mic3_8array-up,speaker-loudness-60db/room1/speaker-dist-5m/mic-dist-50cm/mic3_8array-up,drone2-only/mic-dist-50cm/throttle-low/mic3_8array-up
-25.39,speaker-loudness-90db,room1,drone1,speaker-dist-3m,mic-dist-25cm,throttle-high,mic2_8array-down,speaker-loudness-90db/room1/drone1/speaker-dist-3m/mic-dist-25cm/throttle-high/mic2_8array-down,speaker-loudness-90db/room1/speaker-dist-3m/mic-dist-25cm/mic2_8array-down,drone1-only/mic-dist-25cm/throttle-high/mic2_8array-down
-25.48,speaker-loudness-60db,room1,drone1,speaker-dist-5m,mic-dist-50cm,throttle-low,mic3_8array-up,speaker-loudness-60db/room1/drone1/speaker-dist-5m/mic-dist-50cm/throttle-low/mic3_8array-up,speaker-loudness-60db/room1/speaker-dist-5m/mic-dist-50cm/mic3_8array-up,drone1-only/mic-dist-50cm/throttle-low/mic3_8array-up
-25.63,speaker-loudness-90db,room2,drone1,speaker-dist-3m,mic-dist-25cm,throttle-high,mic1_soundskrit,speaker-loudness-90db/room2/drone1/speaker-dist-3m/mic-dist-25cm/throttle-high/mic1_soundskrit,speaker-loudness-90db/room2/speaker-dist-3m/mic-dist-25cm/mic1_soundskrit,drone1-only/mic-dist-25cm/throttle-high/mic1_soundskrit
-25.7,speaker-loudness-90db,room1,drone1,speaker-dist-5m,mic-dist-25cm,throttle-high,mic2_8array-down,speaker-loudness-90db/room1/drone1/speaker-dist-5m/mic-dist-25cm/throttle-high/mic2_8array-down,speaker-loudness-90db/room1/speaker-dist-5m/mic-dist-25cm/mic2_8array-down,drone1-only/mic-dist-25cm/throttle-high/mic2_8array-down
-25.74,speaker-loudness-60db,room2,drone1,speaker-dist-6m,mic-dist-25cm,throttle-low,mic3_8array-up,speaker-loudness-60db/room2/drone1/speaker-dist-6m/mic-dist-25cm/throttle-low/mic3_8array-up,speaker-loudness-60db/room2/speaker-dist-6m/mic-dist-25cm/mic3_8array-up,drone1-only/mic-dist-25cm/throttle-low/mic3_8array-up
-26.03,speaker-loudness-90db,room1,drone1,speaker-dist-3m,mic-dist-50cm,throttle-high,mic2_8array-down,speaker-loudness-90db/room1/drone1/speaker-dist-3m/mic-dist-50cm/throttle-high/mic2_8array-down,speaker-loudness-90db/room1/speaker-dist-3m/mic-dist-50cm/mic2_8array-down,drone1-only/mic-dist-50cm/throttle-high/mic2_8array-down
-26.25,speaker-loudness-60db,room3,drone2,speaker-dist-3m,mic-dist-50cm,throttle-low,mic3_8array-up,speaker-loudness-60db/room3/drone2/speaker-dist-3m/mic-dist-50cm/throttle-low/mic3_8array-up,speaker-loudness-60db/room3/speaker-dist-3m/mic-dist-50cm/mic3_8array-up,drone2-only/mic-dist-50cm/throttle-low/mic3_8array-up
-26.3,speaker-loudness-90db,room1,drone1,speaker-dist-5m,mic-dist-50cm,throttle-high,mic2_8array-down,speaker-loudness-90db/room1/drone1/speaker-dist-5m/mic-dist-50cm/throttle-high/mic2_8array-down,speaker-loudness-90db/room1/speaker-dist-5m/mic-dist-50cm/mic2_8array-down,drone1-only/mic-dist-50cm/throttle-high/mic2_8array-down
-26.32,speaker-loudness-60db,room2,drone1,speaker-dist-9m,mic-dist-25cm,throttle-low,mic3_8array-up,speaker-loudness-60db/room2/drone1/speaker-dist-9m/mic-dist-25cm/throttle-low/mic3_8array-up,speaker-loudness-60db/room2/speaker-dist-9m/mic-dist-25cm/mic3_8array-up,drone1-only/mic-dist-25cm/throttle-low/mic3_8array-up
-26.34,speaker-loudness-60db,room3,drone2,speaker-dist-6m,mic-dist-50cm,throttle-low,mic3_8array-up,speaker-loudness-60db/room3/drone2/speaker-dist-6m/mic-dist-50cm/throttle-low/mic3_8array-up,speaker-loudness-60db/room3/speaker-dist-6m/mic-dist-50cm/mic3_8array-up,drone2-only/mic-dist-50cm/throttle-low/mic3_8array-up
-26.73,speaker-loudness-60db,room3,drone2,speaker-dist-9m,mic-dist-50cm,throttle-low,mic3_8array-up,speaker-loudness-60db/room3/drone2/speaker-dist-9m/mic-dist-50cm/throttle-low/mic3_8array-up,speaker-loudness-60db/room3/speaker-dist-9m/mic-dist-50cm/mic3_8array-up,drone2-only/mic-dist-50cm/throttle-low/mic3_8array-up
-26.75,speaker-loudness-60db,room1,drone1,speaker-dist-1m,mic-dist-50cm,throttle-low,mic1_soundskrit,speaker-loudness-60db/room1/drone1/speaker-dist-1m/mic-dist-50cm/throttle-low/mic1_soundskrit,speaker-loudness-60db/room1/speaker-dist-1m/mic-dist-50cm/mic1_soundskrit,drone1-only/mic-dist-50cm/throttle-low/mic1_soundskrit
-26.86,speaker-loudness-60db,room1,drone2,speaker-dist-1m,mic-dist-50cm,throttle-low,mic1_soundskrit,speaker-loudness-60db/room1/drone2/speaker-dist-1m/mic-dist-50cm/throttle-low/mic1_soundskrit,speaker-loudness-60db/room1/speaker-dist-1m/mic-dist-50cm/mic1_soundskrit,drone2-only/mic-dist-50cm/throttle-low/mic1_soundskrit
-27.7,speaker-loudness-90db,room2,drone1,speaker-dist-3m,mic-dist-50cm,throttle-high,mic2_8array-down,speaker-loudness-90db/room2/drone1/speaker-dist-3m/mic-dist-50cm/throttle-high/mic2_8array-down,speaker-loudness-90db/room2/speaker-dist-3m/mic-dist-50cm/mic2_8array-down,drone1-only/mic-dist-50cm/throttle-high/mic2_8array-down
-27.74,speaker-loudness-60db,room1,drone1,speaker-dist-3m,mic-dist-50cm,throttle-low,mic1_soundskrit,speaker-loudness-60db/room1/drone1/speaker-dist-3m/mic-dist-50cm/throttle-low/mic1_soundskrit,speaker-loudness-60db/room1/speaker-dist-3m/mic-dist-50cm/mic1_soundskrit,drone1-only/mic-dist-50cm/throttle-low/mic1_soundskrit
-27.82,speaker-loudness-60db,room1,drone1,speaker-dist-3m,mic-dist-25cm,throttle-low,mic3_8array-up,speaker-loudness-60db/room1/drone1/speaker-dist-3m/mic-dist-25cm/throttle-low/mic3_8array-up,speaker-loudness-60db/room1/speaker-dist-3m/mic-dist-25cm/mic3_8array-up,drone1-only/mic-dist-25cm/throttle-low/mic3_8array-up
-27.85,speaker-loudness-60db,room1,drone2,speaker-dist-3m,mic-dist-50cm,throttle-low,mic1_soundskrit,speaker-loudness-60db/room1/drone2/speaker-dist-3m/mic-dist-50cm/throttle-low/mic1_soundskrit,speaker-loudness-60db/room1/speaker-dist-3m/mic-dist-50cm/mic1_soundskrit,drone2-only/mic-dist-50cm/throttle-low/mic1_soundskrit
-27.85,speaker-loudness-90db,room2,drone1,speaker-dist-6m,mic-dist-25cm,throttle-high,mic1_soundskrit,speaker-loudness-90db/room2/drone1/speaker-dist-6m/mic-dist-25cm/throttle-high/mic1_soundskrit,speaker-loudness-90db/room2/speaker-dist-6m/mic-dist-25cm/mic1_soundskrit,drone1-only/mic-dist-25cm/throttle-high/mic1_soundskrit
-28.5,speaker-loudness-60db,room1,drone1,speaker-dist-1m,mic-dist-25cm,throttle-low,mic3_8array-up,speaker-loudness-60db/room1/drone1/speaker-dist-1m/mic-dist-25cm/throttle-low/mic3_8array-up,speaker-loudness-60db/room1/speaker-dist-1m/mic-dist-25cm/mic3_8array-up,drone1-only/mic-dist-25cm/throttle-low/mic3_8array-up
-28.62,speaker-loudness-60db,room1,drone2,speaker-dist-3m,mic-dist-25cm,throttle-low,mic3_8array-up,speaker-loudness-60db/room1/drone2/speaker-dist-3m/mic-dist-25cm/throttle-low/mic3_8array-up,speaker-loudness-60db/room1/speaker-dist-3m/mic-dist-25cm/mic3_8array-up,drone2-only/mic-dist-25cm/throttle-low/mic3_8array-up
-28.62,speaker-loudness-60db,room2,drone1,speaker-dist-3m,mic-dist-25cm,throttle-low,mic2_8array-down,speaker-loudness-60db/room2/drone1/speaker-dist-3m/mic-dist-25cm/throttle-low/mic2_8array-down,speaker-loudness-60db/room2/speaker-dist-3m/mic-dist-25cm/mic2_8array-down,drone1-only/mic-dist-25cm/throttle-low/mic2_8array-down
-28.71,speaker-loudness-60db,room1,drone1,speaker-dist-5m,mic-dist-50cm,throttle-low,mic1_soundskrit,speaker-loudness-60db/room1/drone1/speaker-dist-5m/mic-dist-50cm/throttle-low/mic1_soundskrit,speaker-loudness-60db/room1/speaker-dist-5m/mic-dist-50cm/mic1_soundskrit,drone1-only/mic-dist-50cm/throttle-low/mic1_soundskrit
-28.82,speaker-loudness-60db,room1,drone2,speaker-dist-5m,mic-dist-50cm,throttle-low,mic1_soundskrit,speaker-loudness-60db/room1/drone2/speaker-dist-5m/mic-dist-50cm/throttle-low/mic1_soundskrit,speaker-loudness-60db/room1/speaker-dist-5m/mic-dist-50cm/mic1_soundskrit,drone2-only/mic-dist-50cm/throttle-low/mic1_soundskrit
-29.05,speaker-loudness-60db,room2,drone1,speaker-dist-3m,mic-dist-50cm,throttle-low,mic1_soundskrit,speaker-loudness-60db/room2/drone1/speaker-dist-3m/mic-dist-50cm/throttle-low/mic1_soundskrit,speaker-loudness-60db/room2/speaker-dist-3m/mic-dist-50cm/mic1_soundskrit,drone1-only/mic-dist-50cm/throttle-low/mic1_soundskrit
-29.09,speaker-loudness-60db,room2,drone1,speaker-dist-6m,mic-dist-25cm,throttle-low,mic2_8array-down,speaker-loudness-60db/room2/drone1/speaker-dist-6m/mic-dist-25cm/throttle-low/mic2_8array-down,speaker-loudness-60db/room2/speaker-dist-6m/mic-dist-25cm/mic2_8array-down,drone1-only/mic-dist-25cm/throttle-low/mic2_8array-down
-29.13,speaker-loudness-90db,room2,drone1,speaker-dist-9m,mic-dist-25cm,throttle-high,mic1_soundskrit,speaker-loudness-90db/room2/drone1/speaker-dist-9m/mic-dist-25cm/throttle-high/mic1_soundskrit,speaker-loudness-90db/room2/speaker-dist-9m/mic-dist-25cm/mic1_soundskrit,drone1-only/mic-dist-25cm/throttle-high/mic1_soundskrit
-29.22,speaker-loudness-90db,room2,drone1,speaker-dist-3m,mic-dist-25cm,throttle-high,mic2_8array-down,speaker-loudness-90db/room2/drone1/speaker-dist-3m/mic-dist-25cm/throttle-high/mic2_8array-down,speaker-loudness-90db/room2/speaker-dist-3m/mic-dist-25cm/mic2_8array-down,drone1-only/mic-dist-25cm/throttle-high/mic2_8array-down
-29.29,speaker-loudness-60db,room1,drone2,speaker-dist-1m,mic-dist-25cm,throttle-low,mic3_8array-up,speaker-loudness-60db/room1/drone2/speaker-dist-1m/mic-dist-25cm/throttle-low/mic3_8array-up,speaker-loudness-60db/room1/speaker-dist-1m/mic-dist-25cm/mic3_8array-up,drone2-only/mic-dist-25cm/throttle-low/mic3_8array-up
-29.32,speaker-loudness-60db,room1,drone1,speaker-dist-5m,mic-dist-25cm,throttle-low,mic3_8array-up,speaker-loudness-60db/room1/drone1/speaker-dist-5m/mic-dist-25cm/throttle-low/mic3_8array-up,speaker-loudness-60db/room1/speaker-dist-5m/mic-dist-25cm/mic3_8array-up,drone1-only/mic-dist-25cm/throttle-low/mic3_8array-up
-29.49,speaker-loudness-60db,room2,drone1,speaker-dist-3m,mic-dist-50cm,throttle-high,mic3_8array-up,speaker-loudness-60db/room2/drone1/speaker-dist-3m/mic-dist-50cm/throttle-high/mic3_8array-up,speaker-loudness-60db/room2/speaker-dist-3m/mic-dist-50cm/mic3_8array-up,drone1-only/mic-dist-50cm/throttle-high/mic3_8array-up
-29.55,speaker-loudness-60db,room2,drone1,speaker-dist-9m,mic-dist-25cm,throttle-low,mic2_8array-down,speaker-loudness-60db/room2/drone1/speaker-dist-9m/mic-dist-25cm/throttle-low/mic2_8array-down,speaker-loudness-60db/room2/speaker-dist-9m/mic-dist-25cm/mic2_8array-down,drone1-only/mic-dist-25cm/throttle-low/mic2_8array-down
-29.93,speaker-loudness-60db,room2,drone1,speaker-dist-9m,mic-dist-50cm,throttle-low,mic2_8array-down,speaker-loudness-60db/room2/drone1/speaker-dist-9m/mic-dist-50cm/throttle-low/mic2_8array-down,speaker-loudness-60db/room2/speaker-dist-9m/mic-dist-50cm/mic2_8array-down,drone1-only/mic-dist-50cm/throttle-low/mic2_8array-down
-29.98,speaker-loudness-60db,room2,drone1,speaker-dist-6m,mic-dist-50cm,throttle-low,mic2_8array-down,speaker-loudness-60db/room2/drone1/speaker-dist-6m/mic-dist-50cm/throttle-low/mic2_8array-down,speaker-loudness-60db/room2/speaker-dist-6m/mic-dist-50cm/mic2_8array-down,drone1-only/mic-dist-50cm/throttle-low/mic2_8array-down
-30.11,speaker-loudness-60db,room1,drone2,speaker-dist-5m,mic-dist-25cm,throttle-low,mic3_8array-up,speaker-loudness-60db/room1/drone2/speaker-dist-5m/mic-dist-25cm/throttle-low/mic3_8array-up,speaker-loudness-60db/room1/speaker-dist-5m/mic-dist-25cm/mic3_8array-up,drone2-only/mic-dist-25cm/throttle-low/mic3_8array-up
-30.47,speaker-loudness-60db,room2,drone1,speaker-dist-6m,mic-dist-50cm,throttle-low,mic1_soundskrit,speaker-loudness-60db/room2/drone1/speaker-dist-6m/mic-dist-50cm/throttle-low/mic1_soundskrit,speaker-loudness-60db/room2/speaker-dist-6m/mic-dist-50cm/mic1_soundskrit,drone1-only/mic-dist-50cm/throttle-low/mic1_soundskrit
-30.59,speaker-loudness-60db,room3,drone2,speaker-dist-3m,mic-dist-50cm,throttle-low,mic1_soundskrit,speaker-loudness-60db/room3/drone2/speaker-dist-3m/mic-dist-50cm/throttle-low/mic1_soundskrit,speaker-loudness-60db/room3/speaker-dist-3m/mic-dist-50cm/mic1_soundskrit,drone2-only/mic-dist-50cm/throttle-low/mic1_soundskrit
-30.65,speaker-loudness-60db,room2,drone1,speaker-dist-3m,mic-dist-50cm,throttle-low,mic2_8array-down,speaker-loudness-60db/room2/drone1/speaker-dist-3m/mic-dist-50cm/throttle-low/mic2_8array-down,speaker-loudness-60db/room2/speaker-dist-3m/mic-dist-50cm/mic2_8array-down,drone1-only/mic-dist-50cm/throttle-low/mic2_8array-down
-30.84,speaker-loudness-90db,room2,drone1,speaker-dist-9m,mic-dist-50cm,throttle-high,mic2_8array-down,speaker-loudness-90db/room2/drone1/speaker-dist-9m/mic-dist-50cm/throttle-high/mic2_8array-down,speaker-loudness-90db/room2/speaker-dist-9m/mic-dist-50cm/mic2_8array-down,drone1-only/mic-dist-50cm/throttle-high/mic2_8array-down
-30.9,speaker-loudness-60db,room1,drone2,speaker-dist-1m,mic-dist-25cm,throttle-low,mic1_soundskrit,speaker-loudness-60db/room1/drone2/speaker-dist-1m/mic-dist-25cm/throttle-low/mic1_soundskrit,speaker-loudness-60db/room1/speaker-dist-1m/mic-dist-25cm/mic1_soundskrit,drone2-only/mic-dist-25cm/throttle-low/mic1_soundskrit
-30.91,speaker-loudness-60db,room1,drone2,speaker-dist-3m,mic-dist-25cm,throttle-low,mic1_soundskrit,speaker-loudness-60db/room1/drone2/speaker-dist-3m/mic-dist-25cm/throttle-low/mic1_soundskrit,speaker-loudness-60db/room1/speaker-dist-3m/mic-dist-25cm/mic1_soundskrit,drone2-only/mic-dist-25cm/throttle-low/mic1_soundskrit
-31.01,speaker-loudness-60db,room2,drone1,speaker-dist-9m,mic-dist-50cm,throttle-low,mic1_soundskrit,speaker-loudness-60db/room2/drone1/speaker-dist-9m/mic-dist-50cm/throttle-low/mic1_soundskrit,speaker-loudness-60db/room2/speaker-dist-9m/mic-dist-50cm/mic1_soundskrit,drone1-only/mic-dist-50cm/throttle-low/mic1_soundskrit
-31.03,speaker-loudness-90db,room2,drone1,speaker-dist-6m,mic-dist-50cm,throttle-high,mic2_8array-down,speaker-loudness-90db/room2/drone1/speaker-dist-6m/mic-dist-50cm/throttle-high/mic2_8array-down,speaker-loudness-90db/room2/speaker-dist-6m/mic-dist-50cm/mic2_8array-down,drone1-only/mic-dist-50cm/throttle-high/mic2_8array-down
-31.06,speaker-loudness-60db,room3,drone2,speaker-dist-3m,mic-dist-25cm,throttle-low,mic3_8array-up,speaker-loudness-60db/room3/drone2/speaker-dist-3m/mic-dist-25cm/throttle-low/mic3_8array-up,speaker-loudness-60db/room3/speaker-dist-3m/mic-dist-25cm/mic3_8array-up,drone2-only/mic-dist-25cm/throttle-low/mic3_8array-up
-31.17,speaker-loudness-60db,room2,drone1,speaker-dist-6m,mic-dist-50cm,throttle-high,mic3_8array-up,speaker-loudness-60db/room2/drone1/speaker-dist-6m/mic-dist-50cm/throttle-high/mic3_8array-up,speaker-loudness-60db/room2/speaker-dist-6m/mic-dist-50cm/mic3_8array-up,drone1-only/mic-dist-50cm/throttle-high/mic3_8array-up
-31.22,speaker-loudness-60db,room2,drone1,speaker-dist-9m,mic-dist-50cm,throttle-high,mic3_8array-up,speaker-loudness-60db/room2/drone1/speaker-dist-9m/mic-dist-50cm/throttle-high/mic3_8array-up,speaker-loudness-60db/room2/speaker-dist-9m/mic-dist-50cm/mic3_8array-up,drone1-only/mic-dist-50cm/throttle-high/mic3_8array-up
-31.41,speaker-loudness-60db,room3,drone2,speaker-dist-6m,mic-dist-50cm,throttle-low,mic1_soundskrit,speaker-loudness-60db/room3/drone2/speaker-dist-6m/mic-dist-50cm/throttle-low/mic1_soundskrit,speaker-loudness-60db/room3/speaker-dist-6m/mic-dist-50cm/mic1_soundskrit,drone2-only/mic-dist-50cm/throttle-low/mic1_soundskrit
-31.75,speaker-loudness-60db,room1,drone2,speaker-dist-1m,mic-dist-50cm,throttle-high,mic3_8array-up,speaker-loudness-60db/room1/drone2/speaker-dist-1m/mic-dist-50cm/throttle-high/mic3_8array-up,speaker-loudness-60db/room1/speaker-dist-1m/mic-dist-50cm/mic3_8array-up,drone2-only/mic-dist-50cm/throttle-high/mic3_8array-up
-31.84,speaker-loudness-60db,room3,drone2,speaker-dist-6m,mic-dist-25cm,throttle-low,mic3_8array-up,speaker-loudness-60db/room3/drone2/speaker-dist-6m/mic-dist-25cm/throttle-low/mic3_8array-up,speaker-loudness-60db/room3/speaker-dist-6m/mic-dist-25cm/mic3_8array-up,drone2-only/mic-dist-25cm/throttle-low/mic3_8array-up
-31.95,speaker-loudness-60db,room3,drone2,speaker-dist-9m,mic-dist-50cm,throttle-low,mic1_soundskrit,speaker-loudness-60db/room3/drone2/speaker-dist-9m/mic-dist-50cm/throttle-low/mic1_soundskrit,speaker-loudness-60db/room3/speaker-dist-9m/mic-dist-50cm/mic1_soundskrit,drone2-only/mic-dist-50cm/throttle-low/mic1_soundskrit
-32.18,speaker-loudness-90db,room2,drone1,speaker-dist-6m,mic-dist-25cm,throttle-high,mic2_8array-down,speaker-loudness-90db/room2/drone1/speaker-dist-6m/mic-dist-25cm/throttle-high/mic2_8array-down,speaker-loudness-90db/room2/speaker-dist-6m/mic-dist-25cm/mic2_8array-down,drone1-only/mic-dist-25cm/throttle-high/mic2_8array-down
-32.44,speaker-loudness-60db,room1,drone1,speaker-dist-3m,mic-dist-25cm,throttle-low,mic1_soundskrit,speaker-loudness-60db/room1/drone1/speaker-dist-3m/mic-dist-25cm/throttle-low/mic1_soundskrit,speaker-loudness-60db/room1/speaker-dist-3m/mic-dist-25cm/mic1_soundskrit,drone1-only/mic-dist-25cm/throttle-low/mic1_soundskrit
-32.44,speaker-loudness-60db,room1,drone1,speaker-dist-1m,mic-dist-25cm,throttle-low,mic1_soundskrit,speaker-loudness-60db/room1/drone1/speaker-dist-1m/mic-dist-25cm/throttle-low/mic1_soundskrit,speaker-loudness-60db/room1/speaker-dist-1m/mic-dist-25cm/mic1_soundskrit,drone1-only/mic-dist-25cm/throttle-low/mic1_soundskrit
-32.53,speaker-loudness-90db,room2,drone1,speaker-dist-9m,mic-dist-25cm,throttle-high,mic2_8array-down,speaker-loudness-90db/room2/drone1/speaker-dist-9m/mic-dist-25cm/throttle-high/mic2_8array-down,speaker-loudness-90db/room2/speaker-dist-9m/mic-dist-25cm/mic2_8array-down,drone1-only/mic-dist-25cm/throttle-high/mic2_8array-down
-32.53,speaker-loudness-60db,room1,drone1,speaker-dist-3m,mic-dist-25cm,throttle-low,mic2_8array-down,speaker-loudness-60db/room1/drone1/speaker-dist-3m/mic-dist-25cm/throttle-low/mic2_8array-down,speaker-loudness-60db/room1/speaker-dist-3m/mic-dist-25cm/mic2_8array-down,drone1-only/mic-dist-25cm/throttle-low/mic2_8array-down
-32.65,speaker-loudness-60db,room1,drone2,speaker-dist-3m,mic-dist-50cm,throttle-high,mic3_8array-up,speaker-loudness-60db/room1/drone2/speaker-dist-3m/mic-dist-50cm/throttle-high/mic3_8array-up,speaker-loudness-60db/room1/speaker-dist-3m/mic-dist-50cm/mic3_8array-up,drone2-only/mic-dist-50cm/throttle-high/mic3_8array-up
-32.78,speaker-loudness-60db,room1,drone1,speaker-dist-1m,mic-dist-25cm,throttle-low,mic2_8array-down,speaker-loudness-60db/room1/drone1/speaker-dist-1m/mic-dist-25cm/throttle-low/mic2_8array-down,speaker-loudness-60db/room1/speaker-dist-1m/mic-dist-25cm/mic2_8array-down,drone1-only/mic-dist-25cm/throttle-low/mic2_8array-down
-32.85,speaker-loudness-60db,room1,drone2,speaker-dist-5m,mic-dist-50cm,throttle-high,mic3_8array-up,speaker-loudness-60db/room1/drone2/speaker-dist-5m/mic-dist-50cm/throttle-high/mic3_8array-up,speaker-loudness-60db/room1/speaker-dist-5m/mic-dist-50cm/mic3_8array-up,drone2-only/mic-dist-50cm/throttle-high/mic3_8array-up
-33.09,speaker-loudness-60db,room1,drone2,speaker-dist-5m,mic-dist-25cm,throttle-low,mic1_soundskrit,speaker-loudness-60db/room1/drone2/speaker-dist-5m/mic-dist-25cm/throttle-low/mic1_soundskrit,speaker-loudness-60db/room1/speaker-dist-5m/mic-dist-25cm/mic1_soundskrit,drone2-only/mic-dist-25cm/throttle-low/mic1_soundskrit
-33.17,speaker-loudness-60db,room3,drone2,speaker-dist-9m,mic-dist-25cm,throttle-low,mic3_8array-up,speaker-loudness-60db/room3/drone2/speaker-dist-9m/mic-dist-25cm/throttle-low/mic3_8array-up,speaker-loudness-60db/room3/speaker-dist-9m/mic-dist-25cm/mic3_8array-up,drone2-only/mic-dist-25cm/throttle-low/mic3_8array-up
-33.59,speaker-loudness-60db,room1,drone1,speaker-dist-1m,mic-dist-50cm,throttle-low,mic2_8array-down,speaker-loudness-60db/room1/drone1/speaker-dist-1m/mic-dist-50cm/throttle-low/mic2_8array-down,speaker-loudness-60db/room1/speaker-dist-1m/mic-dist-50cm/mic2_8array-down,drone1-only/mic-dist-50cm/throttle-low/mic2_8array-down
-33.82,speaker-loudness-60db,room3,drone2,speaker-dist-3m,mic-dist-50cm,throttle-high,mic3_8array-up,speaker-loudness-60db/room3/drone2/speaker-dist-3m/mic-dist-50cm/throttle-high/mic3_8array-up,speaker-loudness-60db/room3/speaker-dist-3m/mic-dist-50cm/mic3_8array-up,drone2-only/mic-dist-50cm/throttle-high/mic3_8array-up
-33.91,speaker-loudness-60db,room3,drone2,speaker-dist-6m,mic-dist-50cm,throttle-high,mic3_8array-up,speaker-loudness-60db/room3/drone2/speaker-dist-6m/mic-dist-50cm/throttle-high/mic3_8array-up,speaker-loudness-60db/room3/speaker-dist-6m/mic-dist-50cm/mic3_8array-up,drone2-only/mic-dist-50cm/throttle-high/mic3_8array-up
-33.99,speaker-loudness-60db,room1,drone1,speaker-dist-5m,mic-dist-25cm,throttle-low,mic2_8array-down,speaker-loudness-60db/room1/drone1/speaker-dist-5m/mic-dist-25cm/throttle-low/mic2_8array-down,speaker-loudness-60db/room1/speaker-dist-5m/mic-dist-25cm/mic2_8array-down,drone1-only/mic-dist-25cm/throttle-low/mic2_8array-down
-34.14,speaker-loudness-60db,room1,drone2,speaker-dist-1m,mic-dist-50cm,throttle-low,mic2_8array-down,speaker-loudness-60db/room1/drone2/speaker-dist-1m/mic-dist-50cm/throttle-low/mic2_8array-down,speaker-loudness-60db/room1/speaker-dist-1m/mic-dist-50cm/mic2_8array-down,drone2-only/mic-dist-50cm/throttle-low/mic2_8array-down
-34.3,speaker-loudness-60db,room3,drone2,speaker-dist-9m,mic-dist-50cm,throttle-high,mic3_8array-up,speaker-loudness-60db/room3/drone2/speaker-dist-9m/mic-dist-50cm/throttle-high/mic3_8array-up,speaker-loudness-60db/room3/speaker-dist-9m/mic-dist-50cm/mic3_8array-up,drone2-only/mic-dist-50cm/throttle-high/mic3_8array-up
-34.39,speaker-loudness-60db,room1,drone1,speaker-dist-1m,mic-dist-50cm,throttle-high,mic3_8array-up,speaker-loudness-60db/room1/drone1/speaker-dist-1m/mic-dist-50cm/throttle-high/mic3_8array-up,speaker-loudness-60db/room1/speaker-dist-1m/mic-dist-50cm/mic3_8array-up,drone1-only/mic-dist-50cm/throttle-high/mic3_8array-up
-34.62,speaker-loudness-60db,room1,drone1,speaker-dist-5m,mic-dist-25cm,throttle-low,mic1_soundskrit,speaker-loudness-60db/room1/drone1/speaker-dist-5m/mic-dist-25cm/throttle-low/mic1_soundskrit,speaker-loudness-60db/room1/speaker-dist-5m/mic-dist-25cm/mic1_soundskrit,drone1-only/mic-dist-25cm/throttle-low/mic1_soundskrit
-34.88,speaker-loudness-60db,room1,drone2,speaker-dist-1m,mic-dist-50cm,throttle-high,mic1_soundskrit,speaker-loudness-60db/room1/drone2/speaker-dist-1m/mic-dist-50cm/throttle-high/mic1_soundskrit,speaker-loudness-60db/room1/speaker-dist-1m/mic-dist-50cm/mic1_soundskrit,drone2-only/mic-dist-50cm/throttle-high/mic1_soundskrit
-35.04,speaker-loudness-60db,room1,drone2,speaker-dist-3m,mic-dist-25cm,throttle-low,mic2_8array-down,speaker-loudness-60db/room1/drone2/speaker-dist-3m/mic-dist-25cm/throttle-low/mic2_8array-down,speaker-loudness-60db/room1/speaker-dist-3m/mic-dist-25cm/mic2_8array-down,drone2-only/mic-dist-25cm/throttle-low/mic2_8array-down
-35.28,speaker-loudness-60db,room1,drone1,speaker-dist-3m,mic-dist-50cm,throttle-high,mic3_8array-up,speaker-loudness-60db/room1/drone1/speaker-dist-3m/mic-dist-50cm/throttle-high/mic3_8array-up,speaker-loudness-60db/room1/speaker-dist-3m/mic-dist-50cm/mic3_8array-up,drone1-only/mic-dist-50cm/throttle-high/mic3_8array-up
-35.29,speaker-loudness-60db,room1,drone2,speaker-dist-1m,mic-dist-25cm,throttle-low,mic2_8array-down,speaker-loudness-60db/room1/drone2/speaker-dist-1m/mic-dist-25cm/throttle-low/mic2_8array-down,speaker-loudness-60db/room1/speaker-dist-1m/mic-dist-25cm/mic2_8array-down,drone2-only/mic-dist-25cm/throttle-low/mic2_8array-down
-35.31,speaker-loudness-60db,room1,drone1,speaker-dist-3m,mic-dist-50cm,throttle-low,mic2_8array-down,speaker-loudness-60db/room1/drone1/speaker-dist-3m/mic-dist-50cm/throttle-low/mic2_8array-down,speaker-loudness-60db/room1/speaker-dist-3m/mic-dist-50cm/mic2_8array-down,drone1-only/mic-dist-50cm/throttle-low/mic2_8array-down
-35.33,speaker-loudness-60db,room2,drone1,speaker-dist-3m,mic-dist-25cm,throttle-high,mic3_8array-up,speaker-loudness-60db/room2/drone1/speaker-dist-3m/mic-dist-25cm/throttle-high/mic3_8array-up,speaker-loudness-60db/room2/speaker-dist-3m/mic-dist-25cm/mic3_8array-up,drone1-only/mic-dist-25cm/throttle-high/mic3_8array-up
-35.49,speaker-loudness-60db,room1,drone1,speaker-dist-5m,mic-dist-50cm,throttle-high,mic3_8array-up,speaker-loudness-60db/room1/drone1/speaker-dist-5m/mic-dist-50cm/throttle-high/mic3_8array-up,speaker-loudness-60db/room1/speaker-dist-5m/mic-dist-50cm/mic3_8array-up,drone1-only/mic-dist-50cm/throttle-high/mic3_8array-up
-35.59,speaker-loudness-60db,room2,drone1,speaker-dist-3m,mic-dist-25cm,throttle-low,mic1_soundskrit,speaker-loudness-60db/room2/drone1/speaker-dist-3m/mic-dist-25cm/throttle-low/mic1_soundskrit,speaker-loudness-60db/room2/speaker-dist-3m/mic-dist-25cm/mic1_soundskrit,drone1-only/mic-dist-25cm/throttle-low/mic1_soundskrit
-35.67,speaker-loudness-60db,room3,drone2,speaker-dist-3m,mic-dist-25cm,throttle-low,mic1_soundskrit,speaker-loudness-60db/room3/drone2/speaker-dist-3m/mic-dist-25cm/throttle-low/mic1_soundskrit,speaker-loudness-60db/room3/speaker-dist-3m/mic-dist-25cm/mic1_soundskrit,drone2-only/mic-dist-25cm/throttle-low/mic1_soundskrit
-35.84,speaker-loudness-60db,room1,drone2,speaker-dist-3m,mic-dist-25cm,throttle-high,mic3_8array-up,speaker-loudness-60db/room1/drone2/speaker-dist-3m/mic-dist-25cm/throttle-high/mic3_8array-up,speaker-loudness-60db/room1/speaker-dist-3m/mic-dist-25cm/mic3_8array-up,drone2-only/mic-dist-25cm/throttle-high/mic3_8array-up
-35.86,speaker-loudness-60db,room1,drone2,speaker-dist-3m,mic-dist-50cm,throttle-low,mic2_8array-down,speaker-loudness-60db/room1/drone2/speaker-dist-3m/mic-dist-50cm/throttle-low/mic2_8array-down,speaker-loudness-60db/room1/speaker-dist-3m/mic-dist-50cm/mic2_8array-down,drone2-only/mic-dist-50cm/throttle-low/mic2_8array-down
-35.87,speaker-loudness-60db,room1,drone2,speaker-dist-3m,mic-dist-50cm,throttle-high,mic1_soundskrit,speaker-loudness-60db/room1/drone2/speaker-dist-3m/mic-dist-50cm/throttle-high/mic1_soundskrit,speaker-loudness-60db/room1/speaker-dist-3m/mic-dist-50cm/mic1_soundskrit,drone2-only/mic-dist-50cm/throttle-high/mic1_soundskrit
-35.97,speaker-loudness-60db,room2,drone1,speaker-dist-6m,mic-dist-25cm,throttle-high,mic3_8array-up,speaker-loudness-60db/room2/drone1/speaker-dist-6m/mic-dist-25cm/throttle-high/mic3_8array-up,speaker-loudness-60db/room2/speaker-dist-6m/mic-dist-25cm/mic3_8array-up,drone1-only/mic-dist-25cm/throttle-high/mic3_8array-up
-36.11,speaker-loudness-60db,room1,drone1,speaker-dist-5m,mic-dist-50cm,throttle-low,mic2_8array-down,speaker-loudness-60db/room1/drone1/speaker-dist-5m/mic-dist-50cm/throttle-low/mic2_8array-down,speaker-loudness-60db/room1/speaker-dist-5m/mic-dist-50cm/mic2_8array-down,drone1-only/mic-dist-50cm/throttle-low/mic2_8array-down
-36.38,speaker-loudness-60db,room3,drone2,speaker-dist-3m,mic-dist-50cm,throttle-low,mic2_8array-down,speaker-loudness-60db/room3/drone2/speaker-dist-3m/mic-dist-50cm/throttle-low/mic2_8array-down,speaker-loudness-60db/room3/speaker-dist-3m/mic-dist-50cm/mic2_8array-down,drone2-only/mic-dist-50cm/throttle-low/mic2_8array-down
-36.5,speaker-loudness-60db,room1,drone2,speaker-dist-5m,mic-dist-25cm,throttle-low,mic2_8array-down,speaker-loudness-60db/room1/drone2/speaker-dist-5m/mic-dist-25cm/throttle-low/mic2_8array-down,speaker-loudness-60db/room1/speaker-dist-5m/mic-dist-25cm/mic2_8array-down,drone2-only/mic-dist-25cm/throttle-low/mic2_8array-down
-36.52,speaker-loudness-60db,room1,drone2,speaker-dist-1m,mic-dist-25cm,throttle-high,mic3_8array-up,speaker-loudness-60db/room1/drone2/speaker-dist-1m/mic-dist-25cm/throttle-high/mic3_8array-up,speaker-loudness-60db/room1/speaker-dist-1m/mic-dist-25cm/mic3_8array-up,drone2-only/mic-dist-25cm/throttle-high/mic3_8array-up
-36.53,speaker-loudness-60db,room3,drone2,speaker-dist-6m,mic-dist-50cm,throttle-low,mic2_8array-down,speaker-loudness-60db/room3/drone2/speaker-dist-6m/mic-dist-50cm/throttle-low/mic2_8array-down,speaker-loudness-60db/room3/speaker-dist-6m/mic-dist-50cm/mic2_8array-down,drone2-only/mic-dist-50cm/throttle-low/mic2_8array-down
-36.55,speaker-loudness-60db,room2,drone1,speaker-dist-9m,mic-dist-25cm,throttle-high,mic3_8array-up,speaker-loudness-60db/room2/drone1/speaker-dist-9m/mic-dist-25cm/throttle-high/mic3_8array-up,speaker-loudness-60db/room2/speaker-dist-9m/mic-dist-25cm/mic3_8array-up,drone1-only/mic-dist-25cm/throttle-high/mic3_8array-up
-36.65,speaker-loudness-60db,room1,drone2,speaker-dist-5m,mic-dist-50cm,throttle-low,mic2_8array-down,speaker-loudness-60db/room1/drone2/speaker-dist-5m/mic-dist-50cm/throttle-low/mic2_8array-down,speaker-loudness-60db/room1/speaker-dist-5m/mic-dist-50cm/mic2_8array-down,drone2-only/mic-dist-50cm/throttle-low/mic2_8array-down
-36.83,speaker-loudness-60db,room1,drone2,speaker-dist-5m,mic-dist-50cm,throttle-high,mic1_soundskrit,speaker-loudness-60db/room1/drone2/speaker-dist-5m/mic-dist-50cm/throttle-high/mic1_soundskrit,speaker-loudness-60db/room1/speaker-dist-5m/mic-dist-50cm/mic1_soundskrit,drone2-only/mic-dist-50cm/throttle-high/mic1_soundskrit
-36.88,speaker-loudness-60db,room3,drone2,speaker-dist-9m,mic-dist-50cm,throttle-low,mic2_8array-down,speaker-loudness-60db/room3/drone2/speaker-dist-9m/mic-dist-50cm/throttle-low/mic2_8array-down,speaker-loudness-60db/room3/speaker-dist-9m/mic-dist-50cm/mic2_8array-down,drone2-only/mic-dist-50cm/throttle-low/mic2_8array-down
-36.93,speaker-loudness-60db,room3,drone2,speaker-dist-3m,mic-dist-25cm,throttle-low,mic2_8array-down,speaker-loudness-60db/room3/drone2/speaker-dist-3m/mic-dist-25cm/throttle-low/mic2_8array-down,speaker-loudness-60db/room3/speaker-dist-3m/mic-dist-25cm/mic2_8array-down,drone2-only/mic-dist-25cm/throttle-low/mic2_8array-down
-37.07,speaker-loudness-60db,room3,drone2,speaker-dist-6m,mic-dist-25cm,throttle-low,mic1_soundskrit,speaker-loudness-60db/room3/drone2/speaker-dist-6m/mic-dist-25cm/throttle-low/mic1_soundskrit,speaker-loudness-60db/room3/speaker-dist-6m/mic-dist-25cm/mic1_soundskrit,drone2-only/mic-dist-25cm/throttle-low/mic1_soundskrit
-37.34,speaker-loudness-60db,room3,drone2,speaker-dist-9m,mic-dist-25cm,throttle-low,mic1_soundskrit,speaker-loudness-60db/room3/drone2/speaker-dist-9m/mic-dist-25cm/throttle-low/mic1_soundskrit,speaker-loudness-60db/room3/speaker-dist-9m/mic-dist-25cm/mic1_soundskrit,drone2-only/mic-dist-25cm/throttle-low/mic1_soundskrit
-37.34,speaker-loudness-60db,room1,drone2,speaker-dist-5m,mic-dist-25cm,throttle-high,mic3_8array-up,speaker-loudness-60db/room1/drone2/speaker-dist-5m/mic-dist-25cm/throttle-high/mic3_8array-up,speaker-loudness-60db/room1/speaker-dist-5m/mic-dist-25cm/mic3_8array-up,drone2-only/mic-dist-25cm/throttle-high/mic3_8array-up
-37.35,speaker-loudness-60db,room1,drone1,speaker-dist-1m,mic-dist-50cm,throttle-high,mic1_soundskrit,speaker-loudness-60db/room1/drone1/speaker-dist-1m/mic-dist-50cm/throttle-high/mic1_soundskrit,speaker-loudness-60db/room1/speaker-dist-1m/mic-dist-50cm/mic1_soundskrit,drone1-only/mic-dist-50cm/throttle-high/mic1_soundskrit
-37.49,speaker-loudness-60db,room2,drone1,speaker-dist-6m,mic-dist-25cm,throttle-low,mic1_soundskrit,speaker-loudness-60db/room2/drone1/speaker-dist-6m/mic-dist-25cm/throttle-low/mic1_soundskrit,speaker-loudness-60db/room2/speaker-dist-6m/mic-dist-25cm/mic1_soundskrit,drone1-only/mic-dist-25cm/throttle-low/mic1_soundskrit
-37.56,speaker-loudness-60db,room3,drone2,speaker-dist-6m,mic-dist-25cm,throttle-low,mic2_8array-down,speaker-loudness-60db/room3/drone2/speaker-dist-6m/mic-dist-25cm/throttle-low/mic2_8array-down,speaker-loudness-60db/room3/speaker-dist-6m/mic-dist-25cm/mic2_8array-down,drone2-only/mic-dist-25cm/throttle-low/mic2_8array-down
-38.05,speaker-loudness-60db,room1,drone1,speaker-dist-3m,mic-dist-25cm,throttle-high,mic3_8array-up,speaker-loudness-60db/room1/drone1/speaker-dist-3m/mic-dist-25cm/throttle-high/mic3_8array-up,speaker-loudness-60db/room1/speaker-dist-3m/mic-dist-25cm/mic3_8array-up,drone1-only/mic-dist-25cm/throttle-high/mic3_8array-up
-38.29,speaker-loudness-60db,room3,drone2,speaker-dist-3m,mic-dist-25cm,throttle-high,mic3_8array-up,speaker-loudness-60db/room3/drone2/speaker-dist-3m/mic-dist-25cm/throttle-high/mic3_8array-up,speaker-loudness-60db/room3/speaker-dist-3m/mic-dist-25cm/mic3_8array-up,drone2-only/mic-dist-25cm/throttle-high/mic3_8array-up
-38.34,speaker-loudness-60db,room1,drone1,speaker-dist-3m,mic-dist-50cm,throttle-high,mic1_soundskrit,speaker-loudness-60db/room1/drone1/speaker-dist-3m/mic-dist-50cm/throttle-high/mic1_soundskrit,speaker-loudness-60db/room1/speaker-dist-3m/mic-dist-50cm/mic1_soundskrit,drone1-only/mic-dist-50cm/throttle-high/mic1_soundskrit
-38.38,speaker-loudness-60db,room2,drone1,speaker-dist-9m,mic-dist-25cm,throttle-low,mic1_soundskrit,speaker-loudness-60db/room2/drone1/speaker-dist-9m/mic-dist-25cm/throttle-low/mic1_soundskrit,speaker-loudness-60db/room2/speaker-dist-9m/mic-dist-25cm/mic1_soundskrit,drone1-only/mic-dist-25cm/throttle-low/mic1_soundskrit
-38.6,speaker-loudness-60db,room3,drone2,speaker-dist-3m,mic-dist-50cm,throttle-high,mic1_soundskrit,speaker-loudness-60db/room3/drone2/speaker-dist-3m/mic-dist-50cm/throttle-high/mic1_soundskrit,speaker-loudness-60db/room3/speaker-dist-3m/mic-dist-50cm/mic1_soundskrit,drone2-only/mic-dist-50cm/throttle-high/mic1_soundskrit
-38.6,speaker-loudness-60db,room1,drone2,speaker-dist-1m,mic-dist-25cm,throttle-high,mic1_soundskrit,speaker-loudness-60db/room1/drone2/speaker-dist-1m/mic-dist-25cm/throttle-high/mic1_soundskrit,speaker-loudness-60db/room1/speaker-dist-1m/mic-dist-25cm/mic1_soundskrit,drone2-only/mic-dist-25cm/throttle-high/mic1_soundskrit
-38.6,speaker-loudness-60db,room1,drone2,speaker-dist-3m,mic-dist-25cm,throttle-high,mic1_soundskrit,speaker-loudness-60db/room1/drone2/speaker-dist-3m/mic-dist-25cm/throttle-high/mic1_soundskrit,speaker-loudness-60db/room1/speaker-dist-3m/mic-dist-25cm/mic1_soundskrit,drone2-only/mic-dist-25cm/throttle-high/mic1_soundskrit
-38.73,speaker-loudness-60db,room1,drone1,speaker-dist-1m,mic-dist-25cm,throttle-high,mic3_8array-up,speaker-loudness-60db/room1/drone1/speaker-dist-1m/mic-dist-25cm/throttle-high/mic3_8array-up,speaker-loudness-60db/room1/speaker-dist-1m/mic-dist-25cm/mic3_8array-up,drone1-only/mic-dist-25cm/throttle-high/mic3_8array-up
-39.07,speaker-loudness-60db,room3,drone2,speaker-dist-6m,mic-dist-25cm,throttle-high,mic3_8array-up,speaker-loudness-60db/room3/drone2/speaker-dist-6m/mic-dist-25cm/throttle-high/mic3_8array-up,speaker-loudness-60db/room3/speaker-dist-6m/mic-dist-25cm/mic3_8array-up,drone2-only/mic-dist-25cm/throttle-high/mic3_8array-up
-39.08,speaker-loudness-60db,room3,drone2,speaker-dist-9m,mic-dist-25cm,throttle-low,mic2_8array-down,speaker-loudness-60db/room3/drone2/speaker-dist-9m/mic-dist-25cm/throttle-low/mic2_8array-down,speaker-loudness-60db/room3/speaker-dist-9m/mic-dist-25cm/mic2_8array-down,drone2-only/mic-dist-25cm/throttle-low/mic2_8array-down
-39.3,speaker-loudness-60db,room1,drone1,speaker-dist-5m,mic-dist-50cm,throttle-high,mic1_soundskrit,speaker-loudness-60db/room1/drone1/speaker-dist-5m/mic-dist-50cm/throttle-high/mic1_soundskrit,speaker-loudness-60db/room1/speaker-dist-5m/mic-dist-50cm/mic1_soundskrit,drone1-only/mic-dist-50cm/throttle-high/mic1_soundskrit
-39.42,speaker-loudness-60db,room3,drone2,speaker-dist-6m,mic-dist-50cm,throttle-high,mic1_soundskrit,speaker-loudness-60db/room3/drone2/speaker-dist-6m/mic-dist-50cm/throttle-high/mic1_soundskrit,speaker-loudness-60db/room3/speaker-dist-6m/mic-dist-50cm/mic1_soundskrit,drone2-only/mic-dist-50cm/throttle-high/mic1_soundskrit
-39.55,speaker-loudness-60db,room1,drone1,speaker-dist-5m,mic-dist-25cm,throttle-high,mic3_8array-up,speaker-loudness-60db/room1/drone1/speaker-dist-5m/mic-dist-25cm/throttle-high/mic3_8array-up,speaker-loudness-60db/room1/speaker-dist-5m/mic-dist-25cm/mic3_8array-up,drone1-only/mic-dist-25cm/throttle-high/mic3_8array-up
-39.65,speaker-loudness-60db,room2,drone1,speaker-dist-3m,mic-dist-50cm,throttle-high,mic1_soundskrit,speaker-loudness-60db/room2/drone1/speaker-dist-3m/mic-dist-50cm/throttle-high/mic1_soundskrit,speaker-loudness-60db/room2/speaker-dist-3m/mic-dist-50cm/mic1_soundskrit,drone1-only/mic-dist-50cm/throttle-high/mic1_soundskrit
-39.96,speaker-loudness-60db,room3,drone2,speaker-dist-9m,mic-dist-50cm,throttle-high,mic1_soundskrit,speaker-loudness-60db/room3/drone2/speaker-dist-9m/mic-dist-50cm/throttle-high/mic1_soundskrit,speaker-loudness-60db/room3/speaker-dist-9m/mic-dist-50cm/mic1_soundskrit,drone2-only/mic-dist-50cm/throttle-high/mic1_soundskrit
-40.39,speaker-loudness-60db,room3,drone2,speaker-dist-9m,mic-dist-25cm,throttle-high,mic3_8array-up,speaker-loudness-60db/room3/drone2/speaker-dist-9m/mic-dist-25cm/throttle-high/mic3_8array-up,speaker-loudness-60db/room3/speaker-dist-9m/mic-dist-25cm/mic3_8array-up,drone2-only/mic-dist-25cm/throttle-high/mic3_8array-up
-40.78,speaker-loudness-60db,room1,drone2,speaker-dist-5m,mic-dist-25cm,throttle-high,mic1_soundskrit,speaker-loudness-60db/room1/drone2/speaker-dist-5m/mic-dist-25cm/throttle-high/mic1_soundskrit,speaker-loudness-60db/room1/speaker-dist-5m/mic-dist-25cm/mic1_soundskrit,drone2-only/mic-dist-25cm/throttle-high/mic1_soundskrit
-40.98,speaker-loudness-60db,room2,drone1,speaker-dist-9m,mic-dist-50cm,throttle-high,mic2_8array-down,speaker-loudness-60db/room2/drone1/speaker-dist-9m/mic-dist-50cm/throttle-high/mic2_8array-down,speaker-loudness-60db/room2/speaker-dist-9m/mic-dist-50cm/mic2_8array-down,drone1-only/mic-dist-50cm/throttle-high/mic2_8array-down
-41.02,speaker-loudness-60db,room2,drone1,speaker-dist-6m,mic-dist-50cm,throttle-high,mic2_8array-down,speaker-loudness-60db/room2/drone1/speaker-dist-6m/mic-dist-50cm/throttle-high/mic2_8array-down,speaker-loudness-60db/room2/speaker-dist-6m/mic-dist-50cm/mic2_8array-down,drone1-only/mic-dist-50cm/throttle-high/mic2_8array-down
-41.07,speaker-loudness-60db,room2,drone1,speaker-dist-6m,mic-dist-50cm,throttle-high,mic1_soundskrit,speaker-loudness-60db/room2/drone1/speaker-dist-6m/mic-dist-50cm/throttle-high/mic1_soundskrit,speaker-loudness-60db/room2/speaker-dist-6m/mic-dist-50cm/mic1_soundskrit,drone1-only/mic-dist-50cm/throttle-high/mic1_soundskrit
-41.54,speaker-loudness-60db,room2,drone1,speaker-dist-3m,mic-dist-25cm,throttle-high,mic2_8array-down,speaker-loudness-60db/room2/drone1/speaker-dist-3m/mic-dist-25cm/throttle-high/mic2_8array-down,speaker-loudness-60db/room2/speaker-dist-3m/mic-dist-25cm/mic2_8array-down,drone1-only/mic-dist-25cm/throttle-high/mic2_8array-down
-41.61,speaker-loudness-60db,room2,drone1,speaker-dist-9m,mic-dist-50cm,throttle-high,mic1_soundskrit,speaker-loudness-60db/room2/drone1/speaker-dist-9m/mic-dist-50cm/throttle-high/mic1_soundskrit,speaker-loudness-60db/room2/speaker-dist-9m/mic-dist-50cm/mic1_soundskrit,drone1-only/mic-dist-50cm/throttle-high/mic1_soundskrit
-41.69,speaker-loudness-60db,room2,drone1,speaker-dist-3m,mic-dist-50cm,throttle-high,mic2_8array-down,speaker-loudness-60db/room2/drone1/speaker-dist-3m/mic-dist-50cm/throttle-high/mic2_8array-down,speaker-loudness-60db/room2/speaker-dist-3m/mic-dist-50cm/mic2_8array-down,drone1-only/mic-dist-50cm/throttle-high/mic2_8array-down
-42.01,speaker-loudness-60db,room2,drone1,speaker-dist-6m,mic-dist-25cm,throttle-high,mic2_8array-down,speaker-loudness-60db/room2/drone1/speaker-dist-6m/mic-dist-25cm/throttle-high/mic2_8array-down,speaker-loudness-60db/room2/speaker-dist-6m/mic-dist-25cm/mic2_8array-down,drone1-only/mic-dist-25cm/throttle-high/mic2_8array-down
-42.07,speaker-loudness-60db,room1,drone2,speaker-dist-1m,mic-dist-50cm,throttle-high,mic2_8array-down,speaker-loudness-60db/room1/drone2/speaker-dist-1m/mic-dist-50cm/throttle-high/mic2_8array-down,speaker-loudness-60db/room1/speaker-dist-1m/mic-dist-50cm/mic2_8array-down,drone2-only/mic-dist-50cm/throttle-high/mic2_8array-down
-42.47,speaker-loudness-60db,room2,drone1,speaker-dist-9m,mic-dist-25cm,throttle-high,mic2_8array-down,speaker-loudness-60db/room2/drone1/speaker-dist-9m/mic-dist-25cm/throttle-high/mic2_8array-down,speaker-loudness-60db/room2/speaker-dist-9m/mic-dist-25cm/mic2_8array-down,drone1-only/mic-dist-25cm/throttle-high/mic2_8array-down
-42.53,speaker-loudness-60db,room1,drone2,speaker-dist-3m,mic-dist-25cm,throttle-high,mic2_8array-down,speaker-loudness-60db/room1/drone2/speaker-dist-3m/mic-dist-25cm/throttle-high/mic2_8array-down,speaker-loudness-60db/room1/speaker-dist-3m/mic-dist-25cm/mic2_8array-down,drone2-only/mic-dist-25cm/throttle-high/mic2_8array-down
-42.75,speaker-loudness-60db,room1,drone1,speaker-dist-1m,mic-dist-25cm,throttle-high,mic1_soundskrit,speaker-loudness-60db/room1/drone1/speaker-dist-1m/mic-dist-25cm/throttle-high/mic1_soundskrit,speaker-loudness-60db/room1/speaker-dist-1m/mic-dist-25cm/mic1_soundskrit,drone1-only/mic-dist-25cm/throttle-high/mic1_soundskrit
-42.76,speaker-loudness-60db,room1,drone1,speaker-dist-3m,mic-dist-25cm,throttle-high,mic1_soundskrit,speaker-loudness-60db/room1/drone1/speaker-dist-3m/mic-dist-25cm/throttle-high/mic1_soundskrit,speaker-loudness-60db/room1/speaker-dist-3m/mic-dist-25cm/mic1_soundskrit,drone1-only/mic-dist-25cm/throttle-high/mic1_soundskrit
-42.77,speaker-loudness-60db,room1,drone2,speaker-dist-1m,mic-dist-25cm,throttle-high,mic2_8array-down,speaker-loudness-60db/room1/drone2/speaker-dist-1m/mic-dist-25cm/throttle-high/mic2_8array-down,speaker-loudness-60db/room1/speaker-dist-1m/mic-dist-25cm/mic2_8array-down,drone2-only/mic-dist-25cm/throttle-high/mic2_8array-down
-43.37,speaker-loudness-60db,room3,drone2,speaker-dist-3m,mic-dist-25cm,throttle-high,mic1_soundskrit,speaker-loudness-60db/room3/drone2/speaker-dist-3m/mic-dist-25cm/throttle-high/mic1_soundskrit,speaker-loudness-60db/room3/speaker-dist-3m/mic-dist-25cm/mic1_soundskrit,drone2-only/mic-dist-25cm/throttle-high/mic1_soundskrit
-43.79,speaker-loudness-60db,room1,drone2,speaker-dist-3m,mic-dist-50cm,throttle-high,mic2_8array-down,speaker-loudness-60db/room1/drone2/speaker-dist-3m/mic-dist-50cm/throttle-high/mic2_8array-down,speaker-loudness-60db/room1/speaker-dist-3m/mic-dist-50cm/mic2_8array-down,drone2-only/mic-dist-50cm/throttle-high/mic2_8array-down
-43.99,speaker-loudness-60db,room1,drone2,speaker-dist-5m,mic-dist-25cm,throttle-high,mic2_8array-down,speaker-loudness-60db/room1/drone2/speaker-dist-5m/mic-dist-25cm/throttle-high/mic2_8array-down,speaker-loudness-60db/room1/speaker-dist-5m/mic-dist-25cm/mic2_8array-down,drone2-only/mic-dist-25cm/throttle-high/mic2_8array-down
-44.31,speaker-loudness-60db,room3,drone2,speaker-dist-3m,mic-dist-50cm,throttle-high,mic2_8array-down,speaker-loudness-60db/room3/drone2/speaker-dist-3m/mic-dist-50cm/throttle-high/mic2_8array-down,speaker-loudness-60db/room3/speaker-dist-3m/mic-dist-50cm/mic2_8array-down,drone2-only/mic-dist-50cm/throttle-high/mic2_8array-down
-44.41,speaker-loudness-60db,room3,drone2,speaker-dist-3m,mic-dist-25cm,throttle-high,mic2_8array-down,speaker-loudness-60db/room3/drone2/speaker-dist-3m/mic-dist-25cm/throttle-high/mic2_8array-down,speaker-loudness-60db/room3/speaker-dist-3m/mic-dist-25cm/mic2_8array-down,drone2-only/mic-dist-25cm/throttle-high/mic2_8array-down
-44.46,speaker-loudness-60db,room3,drone2,speaker-dist-6m,mic-dist-50cm,throttle-high,mic2_8array-down,speaker-loudness-60db/room3/drone2/speaker-dist-6m/mic-dist-50cm/throttle-high/mic2_8array-down,speaker-loudness-60db/room3/speaker-dist-6m/mic-dist-50cm/mic2_8array-down,drone2-only/mic-dist-50cm/throttle-high/mic2_8array-down
-44.58,speaker-loudness-60db,room1,drone2,speaker-dist-5m,mic-dist-50cm,throttle-high,mic2_8array-down,speaker-loudness-60db/room1/drone2/speaker-dist-5m/mic-dist-50cm/throttle-high/mic2_8array-down,speaker-loudness-60db/room1/speaker-dist-5m/mic-dist-50cm/mic2_8array-down,drone2-only/mic-dist-50cm/throttle-high/mic2_8array-down
-44.63,speaker-loudness-60db,room1,drone1,speaker-dist-1m,mic-dist-50cm,throttle-high,mic2_8array-down,speaker-loudness-60db/room1/drone1/speaker-dist-1m/mic-dist-50cm/throttle-high/mic2_8array-down,speaker-loudness-60db/room1/speaker-dist-1m/mic-dist-50cm/mic2_8array-down,drone1-only/mic-dist-50cm/throttle-high/mic2_8array-down
-44.77,speaker-loudness-60db,room3,drone2,speaker-dist-6m,mic-dist-25cm,throttle-high,mic1_soundskrit,speaker-loudness-60db/room3/drone2/speaker-dist-6m/mic-dist-25cm/throttle-high/mic1_soundskrit,speaker-loudness-60db/room3/speaker-dist-6m/mic-dist-25cm/mic1_soundskrit,drone2-only/mic-dist-25cm/throttle-high/mic1_soundskrit
-44.81,speaker-loudness-60db,room3,drone2,speaker-dist-9m,mic-dist-50cm,throttle-high,mic2_8array-down,speaker-loudness-60db/room3/drone2/speaker-dist-9m/mic-dist-50cm/throttle-high/mic2_8array-down,speaker-loudness-60db/room3/speaker-dist-9m/mic-dist-50cm/mic2_8array-down,drone2-only/mic-dist-50cm/throttle-high/mic2_8array-down
-44.94,speaker-loudness-60db,room1,drone1,speaker-dist-5m,mic-dist-25cm,throttle-high,mic1_soundskrit,speaker-loudness-60db/room1/drone1/speaker-dist-5m/mic-dist-25cm/throttle-high/mic1_soundskrit,speaker-loudness-60db/room1/speaker-dist-5m/mic-dist-25cm/mic1_soundskrit,drone1-only/mic-dist-25cm/throttle-high/mic1_soundskrit
-45.03,speaker-loudness-60db,room3,drone2,speaker-dist-9m,mic-dist-25cm,throttle-high,mic1_soundskrit,speaker-loudness-60db/room3/drone2/speaker-dist-9m/mic-dist-25cm/throttle-high/mic1_soundskrit,speaker-loudness-60db/room3/speaker-dist-9m/mic-dist-25cm/mic1_soundskrit,drone2-only/mic-dist-25cm/throttle-high/mic1_soundskrit
-45.04,speaker-loudness-60db,room3,drone2,speaker-dist-6m,mic-dist-25cm,throttle-high,mic2_8array-down,speaker-loudness-60db/room3/drone2/speaker-dist-6m/mic-dist-25cm/throttle-high/mic2_8array-down,speaker-loudness-60db/room3/speaker-dist-6m/mic-dist-25cm/mic2_8array-down,drone2-only/mic-dist-25cm/throttle-high/mic2_8array-down
-45.44,speaker-loudness-60db,room1,drone1,speaker-dist-3m,mic-dist-25cm,throttle-high,mic2_8array-down,speaker-loudness-60db/room1/drone1/speaker-dist-3m/mic-dist-25cm/throttle-high/mic2_8array-down,speaker-loudness-60db/room1/speaker-dist-3m/mic-dist-25cm/mic2_8array-down,drone1-only/mic-dist-25cm/throttle-high/mic2_8array-down
-45.7,speaker-loudness-60db,room1,drone1,speaker-dist-1m,mic-dist-25cm,throttle-high,mic2_8array-down,speaker-loudness-60db/room1/drone1/speaker-dist-1m/mic-dist-25cm/throttle-high/mic2_8array-down,speaker-loudness-60db/room1/speaker-dist-1m/mic-dist-25cm/mic2_8array-down,drone1-only/mic-dist-25cm/throttle-high/mic2_8array-down
-45.91,speaker-loudness-60db,room2,drone1,speaker-dist-3m,mic-dist-25cm,throttle-high,mic1_soundskrit,speaker-loudness-60db/room2/drone1/speaker-dist-3m/mic-dist-25cm/throttle-high/mic1_soundskrit,speaker-loudness-60db/room2/speaker-dist-3m/mic-dist-25cm/mic1_soundskrit,drone1-only/mic-dist-25cm/throttle-high/mic1_soundskrit
-46.36,speaker-loudness-60db,room1,drone1,speaker-dist-3m,mic-dist-50cm,throttle-high,mic2_8array-down,speaker-loudness-60db/room1/drone1/speaker-dist-3m/mic-dist-50cm/throttle-high/mic2_8array-down,speaker-loudness-60db/room1/speaker-dist-3m/mic-dist-50cm/mic2_8array-down,drone1-only/mic-dist-50cm/throttle-high/mic2_8array-down
-46.57,speaker-loudness-60db,room3,drone2,speaker-dist-9m,mic-dist-25cm,throttle-high,mic2_8array-down,speaker-loudness-60db/room3/drone2/speaker-dist-9m/mic-dist-25cm/throttle-high/mic2_8array-down,speaker-loudness-60db/room3/speaker-dist-9m/mic-dist-25cm/mic2_8array-down,drone2-only/mic-dist-25cm/throttle-high/mic2_8array-down
-46.91,speaker-loudness-60db,room1,drone1,speaker-dist-5m,mic-dist-25cm,throttle-high,mic2_8array-down,speaker-loudness-60db/room1/drone1/speaker-dist-5m/mic-dist-25cm/throttle-high/mic2_8array-down,speaker-loudness-60db/room1/speaker-dist-5m/mic-dist-25cm/mic2_8array-down,drone1-only/mic-dist-25cm/throttle-high/mic2_8array-down
-47.15,speaker-loudness-60db,room1,drone1,speaker-dist-5m,mic-dist-50cm,throttle-high,mic2_8array-down,speaker-loudness-60db/room1/drone1/speaker-dist-5m/mic-dist-50cm/throttle-high/mic2_8array-down,speaker-loudness-60db/room1/speaker-dist-5m/mic-dist-50cm/mic2_8array-down,drone1-only/mic-dist-50cm/throttle-high/mic2_8array-down
-47.8,speaker-loudness-60db,room2,drone1,speaker-dist-6m,mic-dist-25cm,throttle-high,mic1_soundskrit,speaker-loudness-60db/room2/drone1/speaker-dist-6m/mic-dist-25cm/throttle-high/mic1_soundskrit,speaker-loudness-60db/room2/speaker-dist-6m/mic-dist-25cm/mic1_soundskrit,drone1-only/mic-dist-25cm/throttle-high/mic1_soundskrit
-48.7,speaker-loudness-60db,room2,drone1,speaker-dist-9m,mic-dist-25cm,throttle-high,mic1_soundskrit,speaker-loudness-60db/room2/drone1/speaker-dist-9m/mic-dist-25cm/throttle-high/mic1_soundskrit,speaker-loudness-60db/room2/speaker-dist-9m/mic-dist-25cm/mic1_soundskrit,drone1-only/mic-dist-25cm/throttle-high/mic1_soundskrit
